{
  "lang":"en",
  "name":"pipeline",
  "version":"0.0.0",
  "spacy_version":">=3.1.3,<3.2.0",
  "description":"",
  "author":"",
  "email":"",
  "url":"",
  "license":"",
  "spacy_git_version":"8bda39f08",
  "vectors":{
    "width":0,
    "vectors":0,
    "keys":0,
    "name":null
  },
  "labels":{
    "tok2vec":[

    ],
    "ner":[
      "certification",
      "collage name",
      "companies worked at",
      "designation",
      "email",
      "experience duration",
      "name",
      "skill",
      "total experience",
      "wins"
    ]
  },
  "pipeline":[
    "tok2vec",
    "ner"
  ],
  "components":[
    "tok2vec",
    "ner"
  ],
  "disabled":[

  ],
  "performance":{
    "ents_f":0.9706916764,
    "ents_p":0.957779063,
    "ents_r":0.9839572193,
    "ents_per_type":{
      "name":{
        "p":1.0,
        "r":1.0,
        "f":1.0
      },
      "designation":{
        "p":0.9163636364,
        "r":1.0,
        "f":0.9563567362
      },
      "email":{
        "p":0.9393939394,
        "r":0.9893617021,
        "f":0.9637305699
      },
      "total experience":{
        "p":1.0,
        "r":1.0,
        "f":1.0
      },
      "companies worked at":{
        "p":0.9666666667,
        "r":0.9902439024,
        "f":0.978313253
      },
      "experience duration":{
        "p":0.9852216749,
        "r":0.9852216749,
        "f":0.9852216749
      },
      "skill":{
        "p":0.9523099851,
        "r":0.9726027397,
        "f":0.9623493976
      },
      "collage name":{
        "p":0.9891304348,
        "r":1.0,
        "f":0.9945355191
      },
      "certification":{
        "p":1.0,
        "r":1.0,
        "f":1.0
      },
      "wins":{
        "p":0.9736842105,
        "r":0.925,
        "f":0.9487179487
      }
    },
    "tok2vec_loss":5169.3669778576,
    "ner_loss":818.8932793906
  }
}